{"cameraMode":{"drawMode":0,"name":"Shaded","section":"Shading Mode"},"sceneLighting":false,"audioPlay":false,"sceneViewState":{"showFog":true,"showMaterialUpdate":false,"showSkybox":true,"showFlares":true,"showImageEffects":true,"showParticleSystems":true},"in2DMode":false,"pivot":{"x":0.007376164197921753,"y":0.8581231832504273,"z":3.1938319206237795},"rotation":{"x":-0.4580381214618683,"y":0.008531068451702595,"z":-0.004395838361233473,"w":-0.8888807892799377},"size":4.532650470733643,"orthographic":false}