{"cameraMode":{"drawMode":0,"name":"Shaded","section":"Shading Mode"},"sceneLighting":false,"audioPlay":false,"sceneViewState":{"showFog":true,"showMaterialUpdate":false,"showSkybox":true,"showFlares":true,"showImageEffects":true,"showParticleSystems":true},"in2DMode":false,"pivot":{"x":-4.442211627960205,"y":0.9646066427230835,"z":-12.032524108886719},"rotation":{"x":-0.5893942713737488,"y":0.0016941010253503919,"z":-0.001236051437444985,"w":-0.8078428506851196},"size":5.527815341949463,"orthographic":false}