{"cameraMode":{"drawMode":0,"name":"Shaded","section":"Shading Mode"},"sceneLighting":false,"audioPlay":false,"sceneViewState":{"showFog":true,"showMaterialUpdate":false,"showSkybox":true,"showFlares":true,"showImageEffects":true,"showParticleSystems":true},"in2DMode":false,"pivot":{"x":0.0,"y":0.5862377882003784,"z":-0.46292734146118166},"rotation":{"x":0.2439584583044052,"y":-0.41203612089157107,"z":0.1155042052268982,"w":0.8702697157859802},"size":8.73893928527832,"orthographic":false}